<?xml version="1.0" encoding="utf-8"?>
<prefix name="vkconnect" label="VKontakte Connect" language_tag="en" language_label="English"><key name="admin_configuration_required_notification"><value>&lt;a href="{$href}"&gt;VKontakte Connect&lt;/a&gt; requires configuration</value></key><key name="admin_fields_fields_label"><value>VK profile info</value></key><key name="admin_fields_legend"><value>When users sign in using VKontakte Connect their profile information is pulled out of VKontakte. Later they can also sync their profiles. Here you need to set what info you want to sync. This works for text info only.</value></key><key name="admin_fields_questions_label"><value>Profile questions</value></key><key name="admin_fields_suggest"><value>Don't forget to review these settings whenever you change &lt;a href="{$questionsUrl}"&gt;profile questions&lt;/a&gt;.</value></key><key name="admin_heading_fields"><value>VKontakte Connect</value></key><key name="admin_heading_settings"><value>VKontacte Connect</value></key><key name="admin_menu_fields"><value>Fields</value></key><key name="admin_menu_settings"><value>Settings</value></key><key name="admin_settings_app_url"><value>&lt;a href="{$appUrl}" target="_blank"&gt;Go to Application&lt;/a&gt;</value></key><key name="admin_settings_client_id"><value>Application ID</value></key><key name="admin_settings_client_id_desc"><value>&lt;a href="{$addAppUrl}"&gt;Create an Application&lt;/a&gt;</value></key><key name="admin_settings_client_secret"><value>Secure key</value></key><key name="admin_settings_require_email"><value>Require email</value></key><key name="admin_settings_require_email_desc"><value>Force users to enter email address. Do not allow them to use site without it</value></key><key name="admin_settings_saved"><value>Settings Updated</value></key><key name="admin_settings_synchronize"><value>Allow synchronization for non-VKontakte profiles</value></key><key name="admin_settings_synchronize_avatar"><value>Synchronize avatar</value></key><key name="admin_settings_synchronize_avatar_desc"><value>Replace user avatar with new one received during synchronization</value></key><key name="admin_settings_synchronize_desc"><value>All users can synchronize with their VKontakte accounts</value></key><key name="admin_settings_title"><value>VK Connect Settings</value></key><key name="alert_email_inv"><value>Your email</value></key><key name="alert_email_updated"><value>Your email address was saved</value></key><key name="alert_fb_title"><value>Complete registration ...</value></key><key name="alert_save_label"><value>Save</value></key><key name="alert_skip_label"><value>Remind later</value></key><key name="alert_tip"><value>Please provide your &lt;b&gt;email address&lt;/b&gt; to complete registration. You can do it later on &lt;a href="{$editUrl}"&gt;profile edit&lt;/a&gt; page.</value></key><key name="alert_tip_required"><value>Please provide your &lt;b&gt;email address&lt;/b&gt; to complete registration. Otherwise you can not continue.</value></key><key name="connect_label"><value>Login</value></key><key name="connect_label_mobile"><value>Log in with VKontakte</value></key><key name="enter_email_message"><value>Please enter your email address</value></key><key name="feed_user_join"><value>joined our site using their VKontakte account!</value></key><key name="join_incomplete"><value>Seems there are some problems with connection to VKontakte. Please, try again later.</value></key><key name="join_success_msg"><value>You have successfully logged in with your VKontakte account</value></key><key name="login_success_msg"><value>You have successfully logged in with your VKontakte account</value></key><key name="save_btn_label"><value>Save</value></key><key name="synchronize_label"><value>Synchronize</value></key><key name="synchronize_success_msg"><value>You have successfully synchronized your profile with VKontakte</value></key><key name="user_with_email_exists"><value>Sorry. This email is already used</value></key><key name="vk_field_bdate"><value>Birthdate</value></key><key name="vk_field_city"><value>City</value></key><key name="vk_field_country"><value>Country</value></key><key name="vk_field_domain"><value>VK profile url</value></key><key name="vk_field_faculty_name"><value>Faculty</value></key><key name="vk_field_first_name"><value>First name</value></key><key name="vk_field_generate_name"><value>First name + Last name</value></key><key name="vk_field_graduation"><value>Graduation year</value></key><key name="vk_field_home_phone"><value>Home phone</value></key><key name="vk_field_last_name"><value>Last name</value></key><key name="vk_field_mobile_phone"><value>Mobile phone</value></key><key name="vk_field_nickname"><value>Nickname</value></key><key name="vk_field_university_name"><value>University</value></key></prefix>
